Date,Russell 1000,Russell 1000 Value,Russell 1000 Growth,MSCI World ex USA Index (DM ex-US Equities),MSCI EM Index (EM Equities),US Agg Bond,US Short-term Treasury,US Long-term Treasury,US IG Corporate Bond,US HY Corporate Bond,Global Agg ex-US Bond USD Hedged,Gold,Dollar
2/28/1990,0.011514336,0.019618056,0.004242984,-0.068888796,0.038369413,0.003235834,0.004504505,-0.002919914,0.002900814,-0.020647752,-0.012309838,-0.01770871,0.022299306
3/31/1990,0.022369239,0.007378398,0.037739664,-0.100761518,-0.138884053,0.000736508,0.001987057,-0.004132915,0.000912226,0.026235542,-0.000817788,-0.096149129,0.012441428
4/30/1990,-0.027945326,-0.041467125,-0.014518654,-0.012665458,0.06474602,-0.009161506,8.04E-05,-0.023880668,-0.010425466,-0.00169066,0.000460447,-0.002035278,0.012607724
5/31/1990,0.08906193,0.076764827,0.100898542,0.110533994,0.080413937,0.029608381,0.017873412,0.046354559,0.032347193,0.019295905,0.024813398,-0.012780421,-0.003309693
6/30/1990,-0.007777796,-0.025656422,0.008843091,-0.010192179,0.033128295,0.016045175,0.011715151,0.023009589,0.017081185,0.024166751,0.005766539,-0.029885691,-0.009962049
7/31/1990,-0.01113083,-0.011653314,-0.01050887,0.013123119,0.085353406,0.013833121,0.013400989,0.009487063,0.011317445,0.026939337,0.004808334,0.057069847,-0.020763456
8/31/1990,-0.095644489,-0.093362054,-0.098084343,-0.09608131,-0.13036323,-0.013354585,0.001052767,-0.042245605,-0.015929428,-0.056917185,-0.01473145,0.041498791,-0.002120372
9/30/1990,-0.053455481,-0.051206703,-0.055706494,-0.13655331,-0.129990087,0.008272959,0.008515877,0.011573042,0.004578873,-0.072991219,-0.004092666,0.053255964,-0.010134031
10/31/1990,-0.007645192,-0.017067545,0.00206136,0.144475634,-0.019887099,0.012696024,0.012462485,0.022904483,0.004493805,-0.05251054,0.02771714,-0.070763957,-0.008586526
11/30/1990,0.063553967,0.062349155,0.064831978,-0.057132382,-0.054372523,0.021525997,0.011454984,0.041697861,0.020557721,0.031206657,0.015720312,0.014097497,0.012991339
12/31/1990,0.027192472,0.021961378,0.032439074,0.015527367,0.034644613,0.015581368,0.012914763,0.019840146,0.014090093,0.005604125,0.010859742,0.00350786,0.006905623
1/31/1991,0.046015962,0.041867358,0.04990016,0.028850217,0.08117304,0.012361653,0.009734209,0.01174511,0.01265927,0.027474365,0.016919451,-0.052304505,-0.004408883
2/28/1991,0.068713205,0.060692271,0.076768542,0.1036306,0.147060293,0.008536084,0.005973629,0.004390223,0.017115213,0.109399577,0.016085023,-0.009016393,0.011809086
3/31/1991,0.024935193,0.01229325,0.03768299,-0.059165543,0.037451552,0.006879696,0.006203684,0.0040348,0.012330629,0.058912682,0.000871792,-0.019437552,0.043767223
4/30/1991,-0.000877072,0.004747185,-0.006312633,0.008491126,0.003022289,0.010833408,0.010147779,0.012683662,0.012970092,0.040999123,0.006142922,0.005904682,-0.003727287
5/31/1991,0.03717049,0.031919569,0.042381822,0.010564373,0.075413266,0.005847823,0.005866008,-0.00093006,0.006879482,0.001818424,0.00826136,0.007407407,0.013873733
6/30/1991,-0.047126731,-0.044561572,-0.049462927,-0.072328608,-0.037747597,-0.000508433,0.002408273,-0.007385341,-0.000154844,0.029573225,-0.005988283,0.022058824,0.013068881
7/31/1991,0.046100774,0.038783016,0.052815369,0.045873479,0.049500546,0.013867386,0.00998681,0.014859739,0.014383336,0.031991744,0.00728583,-0.014931451,-0.009257854
8/31/1991,0.022209826,0.013410578,0.030346365,-0.020849479,0.01834226,0.021640017,0.016441231,0.03445939,0.022633588,0.023,0.013991581,-0.042579578,0.002144608
9/30/1991,-0.014695727,-0.009845437,-0.019156583,0.051178288,-0.039467212,0.020263489,0.013582655,0.031465269,0.020621058,0.013929619,0.015337823,0.021588946,-0.019413024
10/31/1991,0.014405168,0.013845825,0.014726059,0.014123848,0.039867633,0.0111339,0.011680286,0.002232572,0.009471394,0.033381538,0.007807672,0.007185123,0.001091193
11/30/1991,-0.041244087,-0.055786976,-0.027826382,-0.046906809,-0.015873617,0.009169185,0.011321683,0.005568998,0.009799127,0.005208941,0.001726414,0.024758708,0.001712862
12/31/1991,0.111391091,0.080303792,0.138663758,0.047380919,0.111752704,0.0296983,0.019270338,0.059602017,0.032681614,0.014385707,0.015665538,-0.035899536,-0.014767605
1/31/1992,-0.013748696,-0.000672008,-0.024993534,-0.021185221,0.115408587,-0.013604223,-0.005100933,-0.031413896,-0.01248871,0.035225497,0.010175922,0.002690075,0.021615652
2/29/1992,0.008846058,0.020018622,-0.00096288,-0.036277177,0.042964021,0.006502161,0.002639904,0.005898552,0.009586126,0.024673173,0.003108983,-0.002824061,0.016370656
3/31/1992,-0.023707741,-0.017242254,-0.029376475,-0.06695577,0.031580201,-0.005637589,-0.002350074,-0.01104349,-0.004285864,0.012398922,-0.005003073,-0.032285472,0.014283544
4/30/1992,0.022537578,0.040714175,0.0063581,0.002003571,-0.011916441,0.00722313,0.009727796,-0.000972653,0.004986702,0.003798367,0.003164101,-0.015657009,0.004494382
5/31/1992,0.00294456,0.000892503,0.004641539,0.062503401,-0.005927873,0.018869814,0.012247807,0.027747613,0.022337518,0.014110408,0.009674759,0.003419058,-0.010738255
6/30/1992,-0.018566818,-0.009164768,-0.027434945,-0.04698442,-0.102520416,0.01376246,0.012974542,0.014501202,0.015650545,0.009415539,0.000614049,0.017481481,-0.012663953
7/31/1992,0.03911156,0.033948303,0.043949136,-0.0252952,0.009361089,0.020402226,0.015589121,0.041624767,0.026693942,0.015097077,0.000697935,0.042079208,-0.002595816
8/31/1992,-0.024517177,-0.034961315,-0.014850606,0.056602993,-0.048446722,0.010130191,0.010143334,0.006930318,0.007757508,0.013102815,0.001435722,-0.049881235,-0.014084507
9/30/1992,0.010349845,0.011224132,0.009318217,-0.023974434,0.002146947,0.011872507,0.012136022,0.015751267,0.012138204,0.010178715,0.011862548,0.026470588,0.026552795
10/31/1992,0.006788457,-0.001436995,0.014265222,-0.051091184,0.052912572,-0.013276558,-0.009961655,-0.021001888,-0.017788808,-0.014099963,0.017177703,-0.027936963,0.039025866
11/30/1992,0.034842453,0.028533148,0.040779474,0.005323644,-0.011529891,0.000226138,-0.003442764,0.003787748,0.001597548,0.012581374,-0.000426626,-0.014885777,0.026641433
12/31/1992,0.014265782,0.021324842,0.008035697,0.004300804,0.028981246,0.015901426,0.011248201,0.027443312,0.01845643,0.011425716,0.010156705,-0.003889886,0.008650028
1/31/1993,0.006355451,0.026973405,-0.012346946,-0.002287659,0.004000889,0.019176202,0.015779734,0.028496544,0.023299668,0.029081448,0.010229475,-0.007359567,0.005342331
2/28/1993,0.006000187,0.031462741,-0.018140343,0.029849703,0.015939783,0.017505232,0.011751046,0.033420442,0.022956554,0.017634257,0.018311871,-0.008624603,-0.001118725
3/31/1993,0.021910386,0.026935426,0.016801589,0.083383112,0.031348255,0.00416689,0.003383459,0.002528743,0.00349597,0.012862849,9.29E-05,0.031135531,-0.007559849
4/30/1993,-0.027707934,-0.014764634,-0.040848668,0.091225784,0.01756716,0.006963491,0.007572322,0.007661094,0.007697808,0.008725082,0.000523477,0.048845471,-0.006912117
5/31/1993,0.024156236,0.016175952,0.032295135,0.020176385,0.024531324,0.001273412,-0.00338585,0.003280575,0.001177554,0.011881676,0.005733,0.057719447,-0.000568182
6/30/1993,0.004347066,0.019952288,-0.011270741,-0.016580556,0.02730247,0.018123046,0.010781195,0.042260069,0.024277335,0.02098987,0.019909676,0.009873249,0.02586697
7/31/1993,-0.004609898,0.008972996,-0.018637892,0.03246114,0.023702159,0.005655893,0.001767986,0.01613239,0.00724307,0.009653487,0.01107979,0.061566918,0.009975062
8/31/1993,0.035173349,0.031863778,0.038874965,0.050253875,0.083225505,0.017527819,0.012024359,0.040180858,0.024861515,0.008439815,0.021116782,-0.075171126,0.005898491
9/30/1993,-0.004827617,-0.000122539,-0.009460523,-0.024668813,0.035607177,0.002746647,0.003257828,0.00350275,0.002381631,0.002575132,0.004099282,-0.043197416,0.006954862
10/31/1993,0.011766084,-0.002573635,0.027064014,0.032089439,0.089110855,0.003736706,0.002406785,0.007205338,0.005036493,0.020256268,0.013282463,0.039662447,0.0125948
11/30/1993,-0.016863016,-0.02457405,-0.008875243,-0.086134035,0.043692821,-0.008506839,-0.002191394,-0.02559499,-0.012273326,0.004806179,0.005487971,0.003517316,0.015781731
12/31/1993,0.016096481,0.016795432,0.015422799,0.070281931,0.164453656,0.005419732,0.003953173,0.00317093,0.005876114,0.01244199,0.020595809,0.056214613,0.008689928
1/31/1994,0.028977457,0.035802775,0.022197224,0.081855608,0.017688286,0.013501639,0.008255659,0.023977333,0.019406132,0.021709786,-0.003641839,-0.03535418,0.019449158
2/28/1994,-0.029112941,-0.038033728,-0.020139213,-0.005708113,-0.018401108,-0.017373326,-0.010225643,-0.041047318,-0.02360719,-0.002614775,-0.022003688,0.00965864,0.000640205
3/31/1994,-0.044926875,-0.039330266,-0.050326761,-0.044232705,-0.092004158,-0.02465428,-0.009797568,-0.043877329,-0.030691269,-0.037779066,-0.009083353,0.020049797,0.008189379
4/30/1994,0.010613479,0.016824849,0.003903113,0.03921998,-0.022178615,-0.007985108,-0.005775006,-0.01184428,-0.009628875,-0.006854422,-0.005869401,-0.032759507,-0.000634598
5/31/1994,0.010021261,0.007212558,0.012977569,-0.006452196,0.03198428,-0.000140294,0.001064901,-0.006599343,-0.003683214,0.000519796,-0.012643637,0.029618807,0.016510033
6/30/1994,-0.029051517,-0.02598989,-0.032068952,0.010271379,-0.029331929,-0.002209945,0.001489275,-0.009470399,-0.002454575,0.00308829,-0.010011553,0.001676987,-0.008995502
7/31/1994,0.031154781,0.028802491,0.033502262,0.009757073,0.061667849,0.019863242,0.010950174,0.033861031,0.025251313,0.008488232,0.008022131,-0.010946555,0.000504286
8/31/1994,0.038865232,0.02400269,0.05390588,0.023721363,0.12299255,0.001240973,0.003094733,-0.007346951,0.001126835,0.007075808,-0.009624648,0.004557292,-0.005796371
9/30/1994,-0.025426069,-0.035344828,-0.015587906,-0.030415272,0.010484859,-0.014718287,-0.005370508,-0.031505038,-0.018637626,5.67E-05,0.000608632,0.023590408,-0.012674271
10/31/1994,0.01722428,0.011489851,0.022737648,0.030172457,-0.01936635,-0.000891048,0.001263714,-0.003467972,-0.002293885,0.002379671,0.004410281,-0.027858681,-0.009499358
11/30/1994,-0.039022643,-0.044932475,-0.033413587,-0.049824752,-0.053187543,-0.002220862,-0.005029354,0.005920794,-0.001642257,-0.012604923,0.013332154,-0.001953888,0.019828927
12/31/1994,0.011739908,0.008545879,0.014534599,0.005471998,-0.081007463,0.006905254,0.002267922,0.015387987,0.008269654,0.007356098,-0.001138796,0.000391543,0.036980557
1/31/1995,0.024169221,0.028128412,0.020303355,-0.040771032,-0.107068903,0.019790434,0.015149191,0.025653675,0.021209065,0.013553447,0.01053589,-0.021787345,0.018995098
2/28/1995,0.037898043,0.034878287,0.040551197,-0.002081352,-0.026668789,0.023775794,0.01688768,0.028348966,0.028829117,0.034285554,0.01171979,0.004001067,-0.017438364
3/31/1995,0.023434101,0.019417077,0.027243673,0.060178078,0.003947584,0.006135174,0.005554317,0.008638583,0.008159347,0.010760557,0.017380832,0.041445271,-0.019828641
4/30/1995,0.025034519,0.029114485,0.021040694,0.035471404,0.043020009,0.013968517,0.010289852,0.017824795,0.016872733,0.0254485,0.015953763,-0.005739796,-0.021478521
5/31/1995,0.035302279,0.037486305,0.033410681,-0.011399473,0.050547637,0.038697237,0.023039789,0.076728127,0.047134477,0.028033473,0.029655886,-0.013983323,0.007274119
6/30/1995,0.024419903,0.011427925,0.036613528,-0.01763782,0.000913048,0.00733154,0.005969829,0.011636518,0.009007824,0.006359381,-0.003306151,0.007155868,-0.000760167
7/31/1995,0.036777607,0.032740426,0.040762524,0.059126704,0.021002164,-0.002233433,0.002220959,-0.01595995,-0.004418089,0.01263839,0.013312248,-0.009559488,0.003803728
8/31/1995,0.004766673,0.00978516,-0.000155538,-0.038020496,-0.024933511,0.01206875,0.006843122,0.022182963,0.016114464,0.003120164,0.009427713,-0.002608582,0.032840722
9/30/1995,0.039324536,0.034398913,0.044194557,0.017251798,-0.006115752,0.009728559,0.005564066,0.018387847,0.01185231,0.012292532,0.013291815,0.004315418,-0.001589825
10/31/1995,-0.005974204,-0.012029867,-6.74E-05,-0.027546758,-0.039235865,0.013004718,0.009700748,0.027983361,0.013012146,0.006169956,0.010811999,-0.003515625,0.013473787
11/30/1995,0.04187783,0.046396081,0.037587664,0.026809731,-0.018790029,0.014984955,0.01043997,0.025012103,0.019141823,0.008819506,0.021412597,0.013458774,0.023809524
12/31/1995,0.013435227,0.023272922,0.003993203,0.037768438,0.042484478,0.014033729,0.008667296,0.026581573,0.016476131,0.01571695,0.010989617,-0.002062919,0.003423445
1/31/1996,0.030914994,0.029181099,0.032567722,0.004586223,0.070139843,0.006640614,0.009086269,3.54E-05,0.006454509,0.017595727,0.012750038,0.047932817,0.015411765
2/29/1996,0.010726641,0.003873631,0.017376306,0.001592327,-0.017532415,-0.017382294,-0.006896668,-0.048340293,-0.02375987,0.000796626,-0.011281865,-0.012082357,-0.002896536
3/31/1996,0.007234008,0.015339849,-0.0005154,0.019849475,0.005976096,-0.006951149,-0.00322608,-0.019894392,-0.008520202,-0.000678934,0.007290852,-0.01073256,0.001975366
4/30/1996,0.013937535,0.002024796,0.025540071,0.028239577,0.036427393,-0.005623775,-0.000868751,-0.016731798,-0.008294518,0.002202179,0.013149784,-0.012741264,-0.002087441
5/31/1996,0.021581972,0.008642397,0.033834682,-0.018358995,-0.006906022,-0.002030594,0.000699015,-0.005183413,-0.001745617,0.006007621,0.005758927,-0.001916688,0.006275421
6/30/1996,-0.000487459,-0.000955463,-4.89E-05,0.003035226,0.004108299,0.013429192,0.00853565,0.021281272,0.014668696,0.008272144,0.008732342,-0.021892203,0.004273011
7/31/1996,-0.049787123,-0.039828469,-0.059633463,-0.030598622,-0.070193996,0.002736507,0.003513751,0.00036713,0.001934164,0.004655236,0.00751317,0.008638743,-0.007589696
8/31/1996,0.024984072,0.025093982,0.024853368,0.002423797,0.024169833,-0.001675986,0.002575584,-0.012452544,-0.003081264,0.010804239,0.01121031,0.002984687,0.002896871
9/30/1996,0.054413703,0.037738215,0.071225198,0.025727213,0.007314568,0.017426831,0.010813171,0.027564201,0.021201063,0.02410076,0.021996337,-0.019278044,0.008896592
10/31/1996,0.020709946,0.036547058,0.005277318,-0.008009429,-0.027443719,0.022151483,0.013737313,0.039333059,0.027300352,0.00768941,0.01587906,0.001319261,0.002748511
11/30/1996,0.07169329,0.069263943,0.07409296,0.039875423,0.015574525,0.017128571,0.009339975,0.03336893,0.021368735,0.019725557,0.020197885,-0.021607378,0.000913659
12/31/1996,-0.017852064,-0.01468865,-0.020998902,-0.015182729,0.003370479,-0.009297883,-0.002516315,-0.024267899,-0.013808763,0.007159647,0.001710733,-0.005521142,0.006389776
1/31/1997,0.058142105,0.046741896,0.069556101,-0.032433288,0.067414079,0.003062223,0.004410592,-0.007104436,0.001409609,0.009763827,0.011207371,-0.064319567,0.022222222
2/28/1997,0.001978268,0.011811024,-0.007637029,0.013835141,0.04216986,0.002487527,0.001847231,0.000431474,0.004187683,0.016539791,0.006130422,0.037916064,0.010093168
3/31/1997,-0.046601174,-0.037735356,-0.055444635,-0.000322566,-0.028781187,-0.011081504,-0.003137737,-0.025589726,-0.015571157,-0.014893928,-0.0053991,-0.029141104,0.00505106
4/30/1997,0.052859882,0.040246418,0.06570037,0.004813165,-0.001768329,0.01496942,0.009605088,0.024134751,0.01516482,0.010545262,0.01083926,-0.022978601,0.016497323
5/31/1997,0.06214344,0.05288148,0.071323252,0.064581735,0.025910064,0.009453177,0.007231704,0.011224759,0.011314756,0.021394296,0.006537244,0.016022343,-0.023323302
6/30/1997,0.040036587,0.041230983,0.038872304,0.05214251,0.051441149,0.011869312,0.007674389,0.019291727,0.014158576,0.013868374,0.016490789,-0.03197338,-0.000110047
7/31/1997,0.080445911,0.07346152,0.087456684,0.017209662,0.012993575,0.026966817,0.014677708,0.058736518,0.036594678,0.027458519,0.014417264,-0.024510537,0.024543253
8/31/1997,-0.048576834,-0.037886009,-0.059116429,-0.074806232,-0.128411601,-0.008529727,-0.001326384,-0.027843478,-0.014765381,-0.002264805,0.000922551,-0.003064195,0.007197336
9/30/1997,0.053396619,0.058732719,0.04802103,0.054876243,0.026183468,0.014748187,0.009125143,0.027543284,0.017497461,0.019817615,0.017879053,0.020746888,0.001386519
10/31/1997,-0.033500624,-0.029598033,-0.03748005,-0.076648484,-0.164903894,0.01450722,0.009460694,0.033687943,0.01267808,0.000890334,0.005322328,-0.062330623,0.015230589
11/30/1997,0.041714756,0.041804032,0.04161404,-0.012484254,-0.037184563,0.004604788,0.002009387,0.013274666,0.005642375,0.009552908,0.007782323,-0.046885035,0.025388166
12/31/1997,0.018838905,0.027468624,0.009987874,0.00822571,0.021775212,0.010068429,0.007485649,0.016770232,0.010596825,0.008772938,0.011819723,-0.022237197,0.037139349
1/31/1998,0.006516927,-0.015546104,0.029463231,0.041333996,-0.079183436,0.012838248,0.011790804,0.020350761,0.011860361,0.018000911,0.014051471,0.050482426,0.016178357
2/28/1998,0.069627519,0.064762594,0.074469768,0.063842802,0.103817799,-0.000753127,-0.000390449,-0.007185422,-0.00032647,0.005856898,0.008768916,-0.024438248,-0.016794486
3/31/1998,0.049114508,0.059624225,0.038754365,0.031624383,0.040049615,0.003436338,0.003350159,0.002072211,0.003697695,0.009383229,0.008702796,0.012104909,0.004541864
4/30/1998,0.009278301,0.005225133,0.013311642,0.006573824,-0.012866382,0.005219605,0.004791352,0.003738565,0.006318552,0.003949882,0.004098463,0.032225914,-0.006683704
5/31/1998,-0.023008964,-0.016963783,-0.028994128,-0.006371601,-0.140122209,0.009485816,0.006050039,0.0191002,0.011869374,0.003476861,0.013132689,-0.055037013,0.02473778
6/30/1998,0.035807485,0.011377085,0.060257484,0.004122295,-0.106944069,0.008480849,0.005672981,0.023233581,0.00739061,0.003592465,0.004724588,0.009196185,0.011394361
7/31/1998,-0.013036968,-0.019100827,-0.007199652,0.00535979,0.028167736,0.002127263,0.004315424,-0.004184996,-0.00094135,0.005687393,0.008940631,-0.025143436,0.004964674
8/31/1998,-0.150677886,-0.15072157,-0.150630775,-0.128886872,-0.292852309,0.016274393,0.015852997,0.045133799,0.004680459,-0.055179143,0.017879704,-0.05348797,0.01700551
9/30/1998,0.065833546,0.055644924,0.0755119,-0.029940276,0.060588407,0.023416028,0.018868197,0.036601332,0.032396505,0.004513032,0.022140174,0.07479883,-0.022699673
10/31/1998,0.077876681,0.075740991,0.079866194,0.102678372,0.104092282,-0.00527547,0.004137325,-0.015119531,-0.015423352,-0.020483923,-0.000658292,-0.0052748,-0.035270503
11/30/1998,0.060489746,0.044411636,0.07535564,0.049390932,0.082196162,0.005663411,-0.002652782,0.00768498,0.018844083,0.041494179,0.01046813,0.008210742,0.008223521
12/31/1998,0.062381113,0.032398563,0.089159739,0.037136427,-0.018257643,0.003006658,0.00338139,-0.002099752,0.002903772,0.001100993,0.002383832,-0.023413641,-0.016018082
1/31/1999,0.034824641,0.006624232,0.058283134,-0.000991731,-0.016924775,0.007137249,0.004187817,0.009008763,0.009883498,0.014837736,0.016584412,-0.008339124,0.022071307
2/28/1999,-0.032958797,-0.016231021,-0.046204507,-0.026340539,0.009016366,-0.01745683,-0.009042785,-0.04917352,-0.023733162,-0.005877707,-0.008406019,0.005781359,0.012409615
3/31/1999,0.037054812,0.019189447,0.051616819,0.040491541,0.128776639,0.005541665,0.007014014,-0.002307166,0.007078007,0.00953384,0.009884744,-0.026476224,-0.006370042
4/30/1999,0.040989045,0.091867415,0.000963934,0.04170811,0.122210605,0.003168,0.002898632,0.001417954,0.002925971,0.01938176,0.011456251,0.025585972,-0.007770763
5/31/1999,-0.022788613,-0.012190003,-0.038584143,-0.051637315,-0.008864399,-0.008758968,-0.003381317,-0.015736957,-0.013374861,-0.01353729,-0.003173747,-0.062805304,0.013803231
6/30/1999,0.049924622,0.027060563,0.077315938,0.037907658,0.111406548,-0.0031859,0.002900061,-0.010581806,-0.005214681,-0.002129441,-0.014315874,-0.028294862,-0.002220935
7/31/1999,-0.031404113,-0.03056783,-0.032246308,0.027613313,-0.028684662,-0.004257423,0.002231924,-0.00480103,-0.00553324,0.004012622,-0.00407899,-0.020689655,-0.012871383
8/31/1999,-0.010572428,-0.039060366,0.015898315,0.001699122,0.008359457,-0.000508715,0.002843217,-0.003902496,-0.002433631,-0.011045107,0.0017844,-0.00312989,-0.004019608
9/30/1999,-0.028686558,-0.036579733,-0.021818543,0.009660892,-0.035109795,0.011609448,0.007094873,0.007382762,0.010861643,-0.00720072,0.001431192,0.173469388,-0.007382616
10/31/1999,0.066405061,0.056113887,0.075240919,0.037520222,0.020405554,0.003689639,0.001719619,0.000644922,0.004596389,-0.006642367,0.001740346,0.000334448,0.00198334
11/30/1999,0.02440909,-0.01003981,0.053428929,0.033911068,0.089337176,-7.16E-05,0.001079839,-0.00679661,0.001066587,0.011753092,0.006587614,-0.025911067,0.00425574
12/31/1999,0.059138488,0.003192409,0.103316464,0.090952448,0.125879917,-0.004822211,-0.00064997,-0.014944744,-0.00529738,0.011248366,0.002070329,-0.003775528,-0.006208732
1/31/2000,-0.041650772,-0.033914695,-0.04717783,-0.061664796,0.004025173,-0.003274363,-0.001826636,0.014253204,-0.0035237,-0.004314582,-0.000573075,-0.023944875,0.016362555
2/29/2000,-0.003898879,-0.0765983,0.04846755,0.027381132,0.012922526,0.012093572,0.007153552,0.030172414,0.009272375,0.001938091,0.007257241,0.03653371,0.004488243
3/31/2000,0.089969301,0.120102483,0.070891737,0.040065939,0.003335075,0.013173695,0.008603127,0.034208364,0.008520295,-0.021022281,0.013475474,-0.057551507,-0.011850413
4/30/2000,-0.034089999,-0.01307316,-0.047891763,-0.052787254,-0.096195435,-0.002863346,0.000968979,-0.008008276,-0.008774008,0.001603072,0.004139961,-0.006142728,0.02880173
5/31/2000,-0.027120471,0.00809399,-0.050809435,-0.025199054,-0.043557249,-0.00045898,0.004240292,-0.003622109,-0.003733833,-0.010254406,0.00542284,-0.010179967,0.00114657
6/30/2000,0.024706169,-0.047006809,0.075379273,0.042154567,0.032012972,0.020804879,0.012436359,0.021652789,0.025115433,0.020364033,0.005026185,0.058402204,-0.007157855
7/31/2000,-0.017374367,0.011190083,-0.041964305,-0.039181949,-0.052612677,0.009077383,0.006423409,0.017214884,0.012128184,0.007629227,0.006671846,-0.039562728,0.008362972
8/31/2000,0.072721767,0.05336759,0.09016141,0.012076525,0.003506444,0.014493748,0.008647568,0.022795533,0.012512643,0.00683992,0.00078176,0.000903342,0.003336511
9/30/2000,-0.047125014,0.007927105,-0.094870938,-0.052779719,-0.088606101,0.006287041,0.00804502,-0.012124036,0.005479765,-0.008737035,0.009859631,-0.012093863,0.012066508
10/31/2000,-0.0127753,0.023196723,-0.047452176,-0.028252531,-0.072999508,0.006617252,0.00580542,0.015645859,0.000246002,-0.032031078,0.007899024,-0.033436872,0.019902366
11/30/2000,-0.092624698,-0.039175606,-0.147743256,-0.041319205,-0.087997764,0.016350956,0.011335357,0.031563267,0.011871429,-0.039603211,0.016966667,0.017391304,0.000184094
12/31/2000,0.011199866,0.048790351,-0.032071807,0.033894919,0.02276627,0.018550338,0.014364669,0.023538506,0.018640566,0.019317196,0.010937084,0.019881085,-0.014540769
1/31/2001,0.032032038,0.00244757,0.06887522,0.001594324,0.135504359,0.016353634,0.012738773,0.001701344,0.02862387,0.074914913,0.012151602,-0.036254327,0.00448263
2/28/2001,-0.094375604,-0.02961687,-0.170088146,-0.080057883,-0.079151496,0.00871128,0.007787908,0.017100532,0.00844902,0.013312705,0.008951751,0.00831758,0.010784678
3/31/2001,-0.067312953,-0.036500879,-0.109356893,-0.070178724,-0.102802132,0.005020228,0.008312593,-0.005025985,0.006131061,-0.023541526,0.007811911,-0.033745782,0.030813098
4/30/2001,0.079394648,0.04764971,0.126219918,0.067572684,0.046528709,-0.004150459,-6.17E-05,-0.027205371,-0.003262284,-0.012454545,-0.005338583,0.021148622,-0.013384492
5/31/2001,0.005324712,0.020351021,-0.015248145,-0.035715094,0.008635684,0.006031729,0.004912185,0.001270808,0.008874931,0.018006076,0.005919401,0.016530496,0.005697748
6/30/2001,-0.023275653,-0.023207951,-0.023366629,-0.042194885,-0.023143946,0.003778456,0.003340662,0.00859859,0.005001793,-0.028050567,0.006155409,0.011588785,0.002158273
7/31/2001,-0.014621885,-0.003494527,-0.025569511,-0.017982614,-0.065718976,0.02235726,0.014578972,0.037234574,0.027103218,0.01471847,0.008432976,-0.01736881,0.000269203
8/31/2001,-0.062365871,-0.042270469,-0.082425283,-0.028412164,-0.011602082,0.011451466,0.007492399,0.021371642,0.012986463,0.011791026,0.007626211,0.026701768,-0.014891899
9/30/2001,-0.085830016,-0.071705496,-0.100551345,-0.102209282,-0.156856827,0.011652744,0.019160529,0.007457286,-0.003353432,-0.067203132,0.004197337,0.073626374,0.011019033
10/31/2001,0.019791615,-0.010189679,0.052041662,0.024197856,0.061495625,0.020925645,0.012008695,0.049144231,0.024610247,0.024733815,0.016161424,-0.0489594,0.003512881
11/30/2001,0.075471055,0.055809501,0.095358371,0.038526369,0.103312598,-0.013787479,-0.006606523,-0.047534346,-0.008451327,0.036480158,-0.003575993,-0.011659193,-0.001974688
12/31/2001,0.00942162,0.021887546,-0.002715225,0.00616044,0.078015148,-0.006350175,-0.001975268,-0.018846842,-0.007234946,-0.004079393,-0.007014525,0.003629764,0.011961507
1/31/2002,-0.0137261,-0.009396727,-0.018047846,-0.051290049,0.032608696,0.00809496,0.002693555,0.012925371,0.008485645,0.006961537,0.001667723,0.020976492,0.013330963
2/28/2002,-0.021416252,-0.000475207,-0.042425847,0.004837952,0.015316552,0.009690989,0.006377089,0.011643997,0.006599408,-0.013954506,0.001143387,0.051540914,0.001841782
3/31/2002,0.040181492,0.04604385,0.034049691,0.050259431,0.056074766,-0.016635842,-0.011094992,-0.04042869,-0.018578465,0.024067634,-0.004659942,0.015327607,-0.007791298
4/30/2002,-0.058129214,-0.035608775,-0.0819423,0.003809829,0.004012179,0.019392008,0.014693284,0.037969045,0.012608972,0.015589718,0.007879894,0.02256138,-0.012175754
5/31/2002,-0.010332457,0.00275522,-0.024888988,0.009816528,-0.018591996,0.008496795,0.005701993,0.00314458,0.014068247,-0.005158307,0.001392308,0.059701493,-0.012504466
6/30/2002,-0.075044959,-0.058875633,-0.093499139,-0.042265271,-0.076614301,0.008646671,0.0103503,0.017952707,9.76E-05,-0.073735026,0.011957279,-0.02480098,-0.015195369
7/31/2002,-0.075100316,-0.094596931,-0.055511243,-0.100134784,-0.078592651,0.01206648,0.016664011,0.030855519,-0.003634619,-0.043682199,0.00847278,-0.043485086,0.015429831
8/31/2002,0.0035476,0.004964148,0.002150583,-0.003943266,0.014493246,0.016884085,0.006728767,0.043645205,0.026522601,0.028520679,0.012249108,0.026752011,-0.005517366
9/30/2002,-0.108751433,-0.112767035,-0.10484884,-0.107472764,-0.109672455,0.016195609,0.013723462,0.041677912,0.019071923,-0.013128974,0.011026546,0.034846547,0.016280127
10/31/2002,0.081463832,0.07149655,0.091022313,0.051805751,0.064071249,-0.004554873,0.000932498,-0.028725914,-0.013425803,-0.00872989,-0.001245027,-0.021007105,-0.005548595
11/30/2002,0.056718088,0.060264239,0.05338146,0.044862644,0.067806187,-0.000265923,-0.006609088,-0.011056589,0.015640691,0.061948323,0.002916217,0.006784475,-0.001529878
12/31/2002,-0.058225419,-0.045425035,-0.070373414,-0.032934944,-0.033966133,0.020655813,0.013979147,0.040965686,0.03052716,0.013979145,0.0138003,0.088230685,-0.013789995
1/31/2003,-0.025492901,-0.026020184,-0.024978177,-0.038650677,-0.005648944,0.000853725,-0.001556005,-0.003382318,0.004208093,0.033292347,0.007919855,0.058467742,-0.003015902
2/28/2003,-0.0174516,-0.029283236,-0.005944245,-0.021482096,-0.031503925,0.013845491,0.007421615,0.030270477,0.020546039,0.012332546,0.007055124,-0.054557823,-0.004858374
3/31/2003,0.008961437,-0.000185641,0.01766551,-0.023386718,-0.032066551,-0.000779354,0.001222415,-0.012571975,0.000427565,0.028763781,-0.000882308,-0.036264211,-0.006908622
4/30/2003,0.079354823,0.085805134,0.073327785,0.091983707,0.084107687,0.008251644,0.002042073,0.010149314,0.019961683,0.059329663,0.003435346,0.005674182,-0.021333828
5/31/2003,0.055182629,0.061817327,0.048934944,0.05814566,0.068672291,0.018645006,0.009014255,0.056229151,0.032408846,0.010328654,0.016377137,0.073199703,-0.021419771
6/30/2003,0.011730897,0.010830398,0.01258215,0.022035069,0.054653817,-0.001984846,0.000277843,-0.015255242,-0.002281236,0.028760454,-0.004174417,-0.042612064,0.002808717
7/31/2003,0.018483975,0.012566467,0.024301626,0.021897955,0.059937477,-0.033619258,-0.012659715,-0.089435006,-0.043442583,-0.010990739,-0.01093011,0.025289017,0.017964072
8/31/2003,0.018680183,0.013295571,0.023919887,0.023296306,0.064942431,0.006639227,0.000465272,0.015944546,0.008314697,0.011494436,-0.005796553,0.058773784,0.004079696
9/30/2003,-0.011612163,-0.011568323,-0.011650382,0.028364749,0.005618875,0.026470641,0.014838528,0.052065241,0.035805961,0.027332883,0.010992656,0.033013845,-0.028819805
10/31/2003,0.05705169,0.058911319,0.055264443,0.061967925,0.083362021,-0.00932629,-0.006660699,-0.027822541,-0.010516487,0.02019522,-0.009465819,-0.004510309,-0.00486476
11/30/2003,0.010335835,0.011200949,0.009499613,0.02123789,0.010315074,0.002395042,-0.000772458,0.004837455,0.005079996,0.015161513,0.000771989,0.031326861,-0.006550645
12/31/2003,0.046172687,0.059400675,0.033365509,0.076213042,0.071250575,0.010176409,0.007075598,0.011890654,0.011386338,0.022646359,0.009072214,0.044935358,-0.017222714
1/31/2004,0.017910603,0.01578756,0.020027639,0.013455188,0.032544379,0.008045302,0.003251738,0.01715396,0.010483409,0.019082426,0.004327421,-0.03963964,0.00010014
2/29/2004,0.012172574,0.019325483,0.005091022,0.021778542,0.044926617,0.010824142,0.007311293,0.019926209,0.012453722,-0.002508966,0.009536331,-0.009756098,0.00590768
3/31/2004,-0.014944987,-0.010616421,-0.019293655,0.001124223,0.009063697,0.007488987,0.005211575,0.015181836,0.009442007,0.006792667,0.00325763,0.070354932,-0.006370695
4/30/2004,-0.019203712,-0.026225962,-0.01208604,-0.028967793,-0.08455379,-0.026016616,-0.016466736,-0.056097854,-0.031440293,-0.006803297,-0.007888745,-0.083077649,0.029653376
5/31/2004,0.012783925,0.007999861,0.017560735,0.000770974,-0.022750963,-0.004005871,-0.001984762,-0.004913051,-0.007236011,-0.016939999,-0.001775493,0.012226512,-0.005351236
6/30/2004,0.016533117,0.021708816,0.011421422,0.021138275,0.00217966,0.005651578,0.000898127,0.009148146,0.004414018,0.014340648,-0.000938232,0.006484425,-0.004401839
7/31/2004,-0.036275281,-0.01590618,-0.057025495,-0.031201164,-0.020962517,0.009912255,0.004999359,0.016917293,0.012442093,0.013596329,0.004792057,-0.011116726,0.005698566
8/31/2004,0.003211798,0.012105335,-0.006254259,0.001613083,0.039254148,0.019075174,0.010905612,0.037106226,0.02377661,0.019614736,0.013745492,0.040495657,-0.009183275
9/30/2004,0.011140799,0.0132801,0.008824872,0.027727312,0.055486072,0.0027135,-0.000431098,0.008450099,0.00615717,0.014521134,0.005297549,0.020626151,-0.013803983
10/31/2004,0.014857494,0.014708829,0.015036997,0.035323905,0.021803296,0.008385744,0.004270762,0.0147092,0.009763004,0.01806492,0.006722086,0.023818116,-0.018096381
11/30/2004,0.040953898,0.048176119,0.03308527,0.064591411,0.092099437,-0.00797641,-0.00783484,-0.022253516,-0.010173636,0.012056558,0.008696648,0.065444719,-0.02830669
12/31/2004,0.034529118,0.031065066,0.03836012,0.041601591,0.04676127,0.009201122,0.003483842,0.022494694,0.013681893,0.014907652,0.005767153,-0.039258933,-0.005029865
1/31/2005,-0.026112376,-0.019060959,-0.033836027,-0.020144833,0.000202888,0.006279474,-0.000599665,0.025212368,0.007967204,-0.001299883,0.008380272,-0.030876951,0.017377567
2/28/2005,0.020403946,0.030357586,0.009324249,0.042751172,0.085564653,-0.005903197,-0.004663354,-0.012901787,-0.005959382,0.014707796,-0.003189589,0.031505389,-0.008074534
3/31/2005,-0.017244497,-0.015620293,-0.019091402,-0.026323236,-0.067931644,-0.005136009,-0.001152793,-0.006672568,-0.013252694,-0.029079015,0.005773887,-0.018256976,0.007722814
4/30/2005,-0.01959341,-0.019647748,-0.019518066,-0.02904898,-0.03043613,0.01353396,0.008544746,0.03420768,0.012968483,-0.009749911,0.011575416,0.019181287,0.002899751
5/31/2005,0.033621683,0.021930167,0.046916227,-0.002241419,0.030376511,0.010818747,0.005228292,0.025957047,0.013748091,0.017757321,0.009062961,-0.048772091,0.013837257
6/30/2005,0.002553258,0.008751833,-0.004499744,0.014315913,0.031049895,0.005452908,0.002308118,0.014984419,0.008199609,0.019623522,0.010402891,0.054650742,0.00162966
7/31/2005,0.037684233,0.026966462,0.048433314,0.031790576,0.066157085,-0.009095385,-0.006095655,-0.026227937,-0.00987338,0.01748454,-0.003195858,-0.018531229,-0.002745577
8/31/2005,-0.010648091,-0.007062189,-0.014159964,0.025064829,0.00609068,0.012819469,0.0088169,0.029114436,0.015310623,0.001907939,0.008151505,0.00990676,-0.01009483
9/30/2005,0.008144781,0.012606352,0.003727249,0.043857424,0.090873101,-0.010309113,-0.00523767,-0.028712167,-0.016148133,-0.009975534,-0.001405279,0.092325447,0.004532344
10/31/2005,-0.018609626,-0.026966391,-0.010276827,-0.032763293,-0.066397508,-0.007913938,-0.002110278,-0.018415483,-0.011546135,-0.006980625,-0.005171676,-0.00528262,0.00769073
11/30/2005,0.035463447,0.02897961,0.041798682,0.024533673,0.081922871,0.004422604,0.003925879,0.006247685,0.005876903,0.005220961,0.004889479,0.052894318,0.001831688
12/31/2005,9.42E-05,0.004598711,-0.004248836,0.045824034,0.057620623,0.009507502,0.004473643,0.023286321,0.01011264,0.008588346,0.007807717,0.035004539,-0.002742509
1/31/2006,0.027035023,0.037379363,0.016993892,0.062817846,0.10940154,5.65E-05,0.00057099,-0.009159411,-0.002103892,0.015954957,-0.001353825,0.108674464,-0.018741088
2/28/2006,5.59E-05,0.00326035,-0.003116123,-0.004570032,-0.002117968,0.003319522,-8.30E-05,0.007089666,0.004516912,0.006675301,0.002649044,-0.022417582,0.002906373
3/31/2006,0.012781196,0.011682308,0.013876302,0.027790404,0.007275191,-0.009812919,-0.000249038,-0.034105904,-0.014094117,0.005987728,-0.008060927,0.04676259,0.009625336
4/30/2006,0.010788959,0.023510191,-0.001893785,0.045348754,0.068266057,-0.001812934,0.002459859,-0.019475673,-0.003499753,0.006161149,-0.004654374,0.10652921,-0.025217837
5/31/2006,-0.031619646,-0.0280566,-0.035270367,-0.042588186,-0.107630885,-0.001066932,0.000859356,6.75E-05,-0.001686575,-0.000134446,0.005840309,0.013975155,-0.001682616
6/30/2006,3.32E-05,0.004940987,-0.005030937,-0.003303192,-0.00460719,0.002119836,0.001582753,0.007665822,0.001258787,-0.0035083,-0.001386314,-0.060490046,0.003686927
7/31/2006,0.001141947,0.022630639,-0.019511915,0.008656665,0.011103085,0.013521979,0.008748193,0.019167986,0.014610035,0.009789129,0.010667481,0.030969845,-0.001784215
8/31/2006,0.021601494,0.013556889,0.029649715,0.025922934,0.022861981,0.015308293,0.008672325,0.027473151,0.018632163,0.016217792,0.014737934,-0.014229249,-0.004626222
9/30/2006,0.022514246,0.01843983,0.026526632,-0.002458239,0.00651904,0.008783997,0.005948393,0.016344431,0.011453705,0.014177784,0.006193985,-0.038893344,0.005598394
10/31/2006,0.032921344,0.031134378,0.034678035,0.039004617,0.046622803,0.006614887,0.004006054,0.007348312,0.008089478,0.013602395,0.004533671,0.007509387,-0.007142857
11/30/2006,0.018905393,0.019467878,0.018340489,0.027856866,0.07322823,0.011601199,0.006120788,0.019628674,0.014661468,0.016803889,0.006776822,0.071138716,-0.006665256
12/31/2006,0.011356294,0.020656257,0.002266433,0.02809226,0.044126396,-0.005803348,-0.001658242,-0.021680141,-0.00909676,0.010979334,-0.004215859,-0.022730787,0.00489935
1/31/2007,0.018228095,0.011176873,0.025244644,0.005657591,-0.012239084,-0.000410309,0.001270762,-0.007677325,7.49E-05,0.011165537,-0.000375902,0.029272152,0.007631161
2/28/2007,-0.019370957,-0.018490749,-0.020239976,0.006914291,-0.006589164,0.015420003,0.010213157,0.029695697,0.020594737,0.013984606,0.010659728,0.021060723,-0.005364468
3/31/2007,0.009166067,0.014058476,0.004389104,0.021817339,0.037396431,3.05E-05,0.003551326,-0.011019575,-0.005733131,0.001059205,-0.000655285,-0.003688648,-0.009094755
4/30/2007,0.041049214,0.035442638,0.04659939,0.042192617,0.044024413,0.005392295,0.003913335,0.007817123,0.00733543,0.012994599,0.001597286,0.023044957,-0.014621131
5/31/2007,0.03381182,0.033067743,0.034548879,0.017335589,0.04625076,-0.007578516,-0.003485689,-0.018672617,-0.009994441,0.007474785,-0.006050853,-0.026440177,-0.007148273
6/30/2007,-0.020305626,-0.024830469,-0.015870864,-0.000650763,0.044245607,-0.002958241,0.003576707,-0.008434058,-0.0048934,-0.017959739,-0.004031981,-0.013048096,-0.001854478
7/31/2007,-0.031858515,-0.047559143,-0.01612009,-0.014459916,0.050090121,0.008341383,0.0113006,0.026758774,0.002313006,-0.035410687,0.011171706,0.023059185,-0.006775956
8/31/2007,0.011498345,0.008279523,0.014621985,-0.016830796,-0.023176398,0.012256505,0.012329618,0.018622485,0.008092307,0.013635379,0.01065636,0.009767092,0.000880282
9/30/2007,0.036657755,0.032203287,0.040953368,0.055020829,0.108484057,0.007586342,0.006933656,0.002813465,0.00770208,0.026172828,0.002549606,0.105654762,-0.029133685
10/31/2007,0.016377456,-0.001398355,0.033421608,0.042578906,0.110009129,0.008982884,0.0046668,0.014121012,0.01200989,0.00599544,0.007942561,0.062584118,-0.02004303
11/30/2007,-0.044725396,-0.051823349,-0.03814022,-0.040697699,-0.071322292,0.01798314,0.022163869,0.045976949,0.005987844,-0.02169247,0.006644577,-0.007599747,0.008782066
12/31/2007,-0.008207688,-0.012075406,-0.004669697,-0.019347212,0.002842053,0.002808765,0.002494783,-0.004008679,0.001579278,0.002917855,0.001930869,0.06413529,-0.000687285
1/31/2008,-0.061073742,-0.041819507,-0.078525159,-0.090695161,-0.125940317,0.016798147,0.021518308,0.026394681,0.010177448,-0.013347547,0.015716923,0.107346327,-0.011462632
2/29/2008,-0.032688303,-0.044837758,-0.021238147,0.016515907,0.072507164,0.001387989,0.012533961,0.004264931,0.001111551,-0.013640661,0.003369018,0.052261034,-0.015653989
3/31/2008,-0.008404183,-0.009676755,-0.007223938,-0.018697211,-0.054022575,0.003411853,0.003416693,0.008684845,-0.012703681,-0.003445915,-0.002610445,-0.039114771,-0.003651785
4/30/2008,0.049576646,0.047137907,0.051811552,0.051093673,0.078717703,-0.002089738,-0.012817999,-0.019190574,0.009146378,0.043096934,-0.0070478,-0.06695233,-0.002246394
5/31/2008,0.016203061,-0.004487035,0.035242757,0.00866936,0.015534649,-0.00733295,-0.006546394,-0.01991191,-0.009543625,0.003611337,-0.009878917,0.016934558,-0.00094798
6/30/2008,-0.084686573,-0.098056161,-0.072998585,-0.079125342,-0.101583419,-0.000800927,0.003744672,0.017145734,-0.006397788,-0.027955507,-0.00475574,0.05023991,0.001304709
7/31/2008,-0.013011631,-0.005822781,-0.019639289,-0.03630363,-0.041632938,-0.000823039,0.005170462,-0.000729573,-0.007475003,-0.013322082,0.012489736,-0.013168503,0.000355366
8/31/2008,0.011676106,0.014308591,0.009225157,-0.040986426,-0.082170349,0.009490656,0.006873502,0.024828706,0.00719145,0.003500929,0.009948242,-0.092592593,0.035997632
9/30/2008,-0.096966408,-0.075898665,-0.116829765,-0.146792332,-0.177077124,-0.013431629,0.008481779,0.00398057,-0.077691548,-0.07977454,-0.005854253,0.06182473,0.024574237
10/31/2008,-0.176027151,-0.175243218,-0.176769767,-0.208716093,-0.274996188,-0.023604209,0.012668896,-0.032651198,-0.064441105,-0.159067895,0.006000413,-0.173827021,0.071508255
11/30/2008,-0.078550265,-0.07539751,-0.081713392,-0.05707224,-0.076333871,0.032549849,0.021595339,0.123025074,0.040689636,-0.093131856,0.020841615,0.114608279,0.020197814
12/31/2008,0.013165001,0.010351409,0.015976723,0.051672615,0.076038484,0.037309174,0.008798559,0.092268199,0.067964813,0.076835884,0.018423825,0.067833026,-0.026737422
1/31/2009,-0.082916808,-0.11696951,-0.048677061,-0.094094533,-0.066150536,-0.008823327,-0.006562617,-0.08649797,0.004536259,0.05993985,-0.008154629,0.057200345,0.031037014
2/28/2009,-0.10665695,-0.13797433,-0.077445464,-0.103921709,-0.057088361,-0.003774449,-0.00227615,-0.010117056,-0.019670511,-0.031027438,0.002599562,0.035345296,0.028475542
3/31/2009,0.085235178,0.083104062,0.087117747,0.061387366,0.141538153,0.013901367,0.009202559,0.048036146,-0.004134261,0.031889193,0.004855273,-0.037289916,-0.024621774
4/30/2009,0.099535825,0.104793924,0.094929775,0.123862202,0.162745408,0.004780909,-0.004954492,-0.051672403,0.034716928,0.121046583,0.003790503,-0.036279324,-0.020072993
5/31/2009,0.052655089,0.058562315,0.047423053,0.1194842,0.166568588,0.007253461,-0.001204222,-0.027397515,0.03903783,0.067284326,-0.002310433,0.104443815,-0.048417132
6/30/2009,0.000635525,-0.00943336,0.009585034,-0.012342535,-0.0152887,0.00568768,-0.003343395,0.006736133,0.027315794,0.028639533,0.011198822,-0.042029728,0.013807349
7/31/2009,0.074888605,0.079840062,0.070150495,0.092959947,0.108656246,0.016129685,0.002676825,0.006044765,0.043173104,0.060860743,0.011425905,0.004815409,-0.021662198
8/31/2009,0.033961251,0.049709349,0.018595663,0.045312316,-0.005402716,0.010354401,0.005758634,0.018847248,0.018338319,0.018648525,0.0100393,0.017571885,0.004055683
9/30/2009,0.038967065,0.036791898,0.041174839,0.038947592,0.08885474,0.010504657,0.003717852,0.019810656,0.017751447,0.056948386,0.006871097,0.042124542,-0.016703057
10/31/2009,-0.023211665,-0.032065705,-0.014287372,-0.016597245,0.000229747,0.004937517,0.002424181,-0.014038597,0.007028236,0.017946544,0.000243084,0.044438865,-0.002775619
11/30/2009,0.056317243,0.053443193,0.059176809,0.022295269,0.042515258,0.01294666,0.009994588,0.017392347,0.014304665,0.010074368,0.008194366,0.130528846,-0.014807393
12/31/2009,0.022733615,0.01584027,0.029534467,0.015009595,0.038127013,-0.015631391,-0.013294711,-0.056274898,-0.007805196,0.032807806,-0.005081899,-0.075058473,0.015255961
1/31/2010,-0.036932222,-0.029455913,-0.044210282,-0.047299159,-0.056474678,0.015275848,0.010877497,0.026023858,0.016315511,0.012651129,0.006971366,-0.008275862,0.025044524
2/28/2010,0.030603485,0.02880329,0.032411087,-0.002845446,0.002506454,0.003734326,0.003147557,0.002700666,0.003552416,0.00174584,0.005371239,0.027584608,-0.002714736
3/31/2010,0.059827343,0.063439567,0.056263726,0.060228022,0.079493124,-0.001229526,-0.004744174,-0.018989114,0.002989661,0.031351605,0.003921827,0.006541845,-0.008275261
4/30/2010,0.017510368,0.024563854,0.010476125,-0.017684098,0.009600823,0.010409624,0.004808824,0.027935858,0.018200166,0.023439416,0.002455768,0.05714926,0.001097936
5/31/2010,-0.081323476,-0.084439827,-0.078172038,-0.115487806,-0.091791418,0.008414873,0.007772758,0.042868848,-0.005509334,-0.035933991,0.007717342,0.023955904,0.035972801
6/30/2010,-0.057202584,-0.05801007,-0.056408472,-0.016103532,-0.009078152,0.015681438,0.008426803,0.046322106,0.021311065,0.012449012,0.004294638,0.030227743,-0.002329028
7/31/2010,0.068253882,0.065930136,0.070630364,0.091535061,0.079979085,0.010675016,0.006001778,0.000797529,0.019590378,0.035560002,0.005759088,-0.060289389,-0.028862479
8/31/2010,-0.046883971,-0.045060475,-0.048741811,-0.032080788,-0.021545072,0.012861325,0.004861162,0.067990302,0.01983235,0.000360076,0.019218242,0.065868263,0.018247378
9/30/2010,0.090195888,0.075495072,0.105178354,0.092956196,0.108736663,0.001065694,0.002752734,-0.015705123,0.006992334,0.030130107,-0.004687739,0.048956661,-0.038308831
10/31/2010,0.037775096,0.028435856,0.047056999,0.034884014,0.028097775,0.00356056,0.003792893,-0.033117069,0.001180395,0.025822837,-0.00417485,0.03041316,-0.011716135
11/30/2010,0.001025139,-0.00772317,0.009578353,-0.044410777,-0.02704047,-0.005747402,-0.004086025,-0.013270166,-0.008114597,-0.011680845,-0.013875272,0.027287915,0.021564864
12/31/2010,0.065203901,0.076889383,0.053972068,0.079622802,0.070204954,-0.01078367,-0.006726949,-0.037395817,-0.009172325,0.01813184,-0.00026899,0.015901699,-0.021993811
1/31/2011,0.023053556,0.021182066,0.024892417,0.020836528,-0.028053293,0.001163854,0.003091797,-0.021650363,0.001991326,0.022060948,-0.005998252,-0.05585201,-0.004520285
2/28/2011,0.032642556,0.034453704,0.030860236,0.035235801,-0.010106516,0.002501506,-0.00234024,0.011681813,0.007925236,0.01310273,0.001401258,0.063300678,-0.009989783
3/31/2011,0.001124636,0.002236209,4.28E-05,-0.023929907,0.056961283,0.000552479,-0.000702902,9.32E-05,-0.001336937,0.003237304,-0.001845959,0.019844082,-0.009861254
4/30/2011,0.029012327,0.025119688,0.032863401,0.050748419,0.028320821,0.012693944,0.007483806,0.018696024,0.017196379,0.015498454,0.006607946,0.067060459,-0.026983208
5/31/2011,-0.012794515,-0.012828644,-0.012766012,-0.035526559,-0.02994942,0.013050121,0.007314558,0.034602724,0.014443903,0.004875987,0.007575908,0.000651254,0.013687217
6/30/2011,-0.019047848,-0.022457145,-0.015520216,-0.016050866,-0.018622054,-0.002927729,0.00023372,-0.019270993,-0.008764152,-0.009735809,-0.001377026,-0.020175724,-0.002700481
7/31/2011,-0.022756112,-0.034713509,-0.010572271,-0.017207174,-0.007406955,0.015868025,0.007694849,0.043109959,0.025216098,0.011593337,0.008266799,0.081700432,-0.00753473
8/31/2011,-0.059875726,-0.064867541,-0.054910252,-0.087110494,-0.091919876,0.014609963,0.007604107,0.088144546,0.000652094,-0.040026124,0.011025655,0.113601474,0.012692764
9/30/2011,-0.076084073,-0.07747551,-0.074712261,-0.103603201,-0.147819774,0.007274611,-0.001309368,0.09829719,0.002551606,-0.032688632,0.006039041,-0.106699752,0.060559916
10/31/2011,0.110608355,0.112340807,0.108901222,0.096598484,0.130129596,0.001074169,0.000977354,-0.038195687,0.01787529,0.059925313,-0.002980512,0.062962963,-0.031809145
11/30/2011,-0.005264214,-0.008127328,-0.002440113,-0.049151551,-0.067015075,-0.000867545,0.001484445,0.027196787,-0.019598584,-0.021557955,-0.007872526,0.013937282,0.021788729
12/31/2011,0.006664092,0.017818531,-0.004281928,-0.011917949,-0.012851172,0.010990831,0.001791376,0.031041055,0.021375657,0.026562248,0.018181986,-0.123138603,0.011052808
1/31/2012,0.047562868,0.036163246,0.059027276,0.053063173,0.11239756,0.008780703,0.003164908,-0.000473107,0.022140884,0.03036571,0.010306283,0.139124755,-0.021201413
2/29/2012,0.041428599,0.036982226,0.045793697,0.052249055,0.058907778,-0.000229649,-0.003005064,-0.020704858,0.008418463,0.023746098,0.005850834,0.014908257,-0.005979242
3/31/2012,0.029738573,0.027739787,0.031681389,-0.011615853,-0.035194175,-0.005479237,-0.002001503,-0.037600293,-0.009659668,-0.001394253,0.000990488,-0.060734463,0.006696175
4/30/2012,-0.006951933,-0.011803165,-0.002246412,-0.021084756,-0.014815882,0.01108645,0.004787875,0.043320264,0.013959893,0.010467764,0.002975443,-0.006766917,-0.000789177
5/31/2012,-0.063848327,-0.061330835,-0.066260567,-0.119609628,-0.116683885,0.009048261,0.001893401,0.074371555,0.007549888,-0.013056297,0.011759553,-0.056472369,0.045808417
6/30/2012,0.036586578,0.047389596,0.025994819,0.063256059,0.034260179,0.000392036,-0.000874043,-0.013614238,0.003544251,0.021112525,-0.003575875,0.025994865,-0.018880138
7/31/2012,0.010647326,0.008754299,0.012570378,0.011673769,0.016151918,0.013793142,0.003995744,0.03300315,0.028773119,0.019026322,0.013040007,0.014701282,0.001209589
8/31/2012,0.021700415,0.018876836,0.02459671,0.025436378,-0.00541738,0.000653324,0.000463137,-0.010666332,0.002223288,0.011706299,0.003279605,0.016337855,-0.007907743
9/30/2012,0.024092173,0.029724484,0.018369685,0.026892477,0.058406258,0.001376526,3.14E-05,-0.019578461,0.007021326,0.013917731,0.005429228,0.077343039,-0.01173475
10/31/2012,-0.018126888,-0.006513237,-0.03007631,0.00618135,-0.007310554,0.001966868,-0.001239653,-0.001159244,0.012878428,0.008781713,0.002976013,-0.032094595,0.003696651
11/30/2012,0.005158145,-0.003454965,0.014244734,0.018944755,0.011744848,0.001577997,0.002176014,0.013340293,-0.001591376,0.008003004,0.007345957,0.004072135,-0.000334821
12/31/2012,0.008333227,0.018215661,-0.001898707,0.029116713,0.047844134,-0.001423915,-0.000493831,-0.019633437,-0.000637565,0.015754766,0.002546999,-0.039687138,-0.001786312
1/31/2013,0.05297013,0.063214301,0.042135156,0.048304081,0.013087566,-0.006994182,-0.001223424,-0.035014783,-0.008894796,0.013405226,-0.004623799,0.004374057,-0.002684264
2/28/2013,0.011099636,0.011904293,0.010226353,-0.011978956,-0.013461053,0.005012312,0.002300656,0.012589952,0.007699608,0.005079408,0.006891195,-0.045802673,0.016709656
3/31/2013,0.037032193,0.037834963,0.036164523,0.003778815,-0.018698678,0.000798622,0.000501379,-0.000961811,0.000192453,0.010180814,0.008338521,0.006137866,-0.000661813
4/30/2013,0.016946179,0.013797413,0.020341334,0.041121352,0.00439656,0.010118666,0.002176773,0.039977001,0.018259008,0.018090618,0.011454569,-0.080869701,-0.010375276
5/31/2013,0.019788182,0.022867639,0.016487589,-0.027226923,-0.029409784,-0.01784198,-0.004953512,-0.062374239,-0.02343571,-0.005795561,-0.011695515,-0.050714772,0.025317867
6/30/2013,-0.015231474,-0.010617784,-0.02020335,-0.039192724,-0.067946634,-0.015468543,-0.003713999,-0.031717409,-0.027604634,-0.026225532,-0.012095638,-0.145213338,0.005656478
7/31/2013,0.052199082,0.052282168,0.052125523,0.05264626,0.007678156,0.001367191,0.002238283,-0.018555562,0.00833231,0.018956743,0.005442054,0.102768456,-0.011249324
8/31/2013,-0.029745219,-0.040273196,-0.019121565,-0.015444082,-0.019006913,-0.00511164,-0.002642195,-0.007485354,-0.007024778,-0.006078688,-0.002558204,0.061049829,0.016847172
9/30/2013,0.033233878,0.023134634,0.043197505,0.067987807,0.06231039,0.009466908,0.004778012,0.003703663,0.006947616,0.009930841,0.006832454,-0.048933501,-0.01936525
10/31/2013,0.042762016,0.042228615,0.04328408,0.032898161,0.047556357,0.008084972,0.002354104,0.01331151,0.014786228,0.025054338,0.009252863,-0.001884659,-0.000877674
11/30/2013,0.025818714,0.025394204,0.026220926,0.004131793,-0.015602947,-0.003744189,0.001205602,-0.024658004,-0.001982222,0.005077439,0.000291767,-0.053625378,0.009662897
12/31/2013,0.025267396,0.023276081,0.027186018,0.01412974,-0.015310131,-0.005651148,-0.004378729,-0.019364081,-0.001633709,0.005394929,-0.005415028,-0.038707103,-0.001957586
1/31/2014,-0.032882554,-0.036718017,-0.029199742,-0.040949623,-0.065982507,0.014775381,0.004013163,0.055293806,0.018124805,0.007015592,0.014436726,0.03860523,0.017652828
2/28/2014,0.045039404,0.040299927,0.049538151,0.052517243,0.031915689,0.005316944,0.001361055,0.008267184,0.010398182,0.020228584,0.00426975,0.060351719,-0.008887461
3/31/2014,0.004857091,0.022193296,-0.011430156,-0.008395253,0.029210902,-0.001703273,-0.002952756,0.006584099,0.000666161,0.002362321,0.002754091,-0.026196758,-0.002917027
4/30/2014,0.003612309,0.008250981,-0.000905676,0.012441914,0.000633389,0.008438521,0.002319059,0.019971952,0.011978875,0.006333775,0.006004173,-0.002515967,-0.005526059
5/31/2014,0.020716967,0.011951609,0.02933002,0.009965872,0.032563701,0.011385312,0.003744118,0.028760812,0.01367105,0.009203015,0.008055554,-0.029491657,-0.001307474
6/30/2014,0.021110882,0.024301688,0.018036917,0.012417113,0.022467865,0.000516774,-0.000942272,-0.002194251,0.000778758,0.008351614,0.005276558,0.051579368,-0.005454942
7/31/2014,-0.017348064,-0.018649803,-0.016068459,-0.018316804,0.014265593,-0.002507987,-0.00208119,0.005511019,-0.000558069,-0.013334612,0.005335783,-0.022623574,0.015357613
8/31/2014,0.039152101,0.034273283,0.043960691,-0.001684596,0.020745564,0.011039401,0.003382152,0.040569289,0.014423512,0.015847273,0.013058748,0.000389029,0.002376837
9/30/2014,-0.019042472,-0.022521629,-0.015634635,-0.043381033,-0.075881531,-0.00678997,-0.001681483,-0.018575073,-0.014427755,-0.020933612,-0.000276052,-0.053859615,0.028346626
10/31/2014,0.023307504,0.021061286,0.025477444,-0.016556575,0.010683059,0.009829303,0.004811216,0.027502515,0.010237834,0.011890657,0.00549242,-0.042951089,0.007336757
11/30/2014,0.023993233,0.017952822,0.029833269,0.010522069,-0.01117049,0.007096231,0.00294896,0.02767269,0.006739185,-0.007284732,0.011278669,0.015890058,0.019456872
12/31/2014,-0.003946373,0.004130738,-0.011668623,-0.033989016,-0.048182578,0.000935664,-0.003249793,0.028642192,0.000607146,-0.014475748,0.00899319,0.019657578,0.021841192
1/31/2015,-0.028413912,-0.04112773,-0.016055647,-0.004188681,0.005542136,0.020967481,0.009773403,0.085589246,0.030338868,0.006600823,0.017280287,0.044983416,0.032760687
2/28/2015,0.055404806,0.045417203,0.064855076,0.058103015,0.029814582,-0.009401438,-0.004950876,-0.053478114,-0.010135262,0.024103548,-0.00386602,-0.036699068,-0.000290135
3/31/2015,-0.014067859,-0.015542081,-0.012694886,-0.020867786,-0.0158642,0.00464206,0.004071573,0.011736591,0.003190699,-0.005475632,0.006638733,-0.022240527,0.017219696
4/30/2015,0.006123876,0.008189371,0.004203248,0.039912953,0.075120309,-0.003587527,0.000238533,-0.031080103,-0.007003256,0.012070594,-0.007642113,-0.005686605,-0.024346172
5/31/2015,0.010857949,0.009237175,0.012369711,-0.013331598,-0.041573613,-0.002408893,0.000861591,-0.015881348,-0.006527693,0.003032195,-0.005644747,0.009447151,0.017935471
6/30/2015,-0.020420321,-0.021908203,-0.019015788,-0.02989886,-0.031835654,-0.010904973,-0.000937711,-0.038329521,-0.018375427,-0.014883969,-0.013605549,-0.017122713,-0.000191516
7/31/2015,0.018135711,0.002970679,0.033044727,0.015184476,-0.072584212,0.006952831,0.001807943,0.035018833,0.006748191,-0.005824518,0.012468754,-0.061998292,0.024997606
8/31/2015,-0.062239518,-0.062229111,-0.06225172,-0.075226075,-0.091994943,-0.001438072,-0.000138231,-0.00019377,-0.005920301,-0.017418566,-0.003481783,0.033321194,0.016725846
9/30/2015,-0.029120241,-0.032268593,-0.02610094,-0.052872751,-0.032587056,0.006763993,0.005238135,0.01540162,0.007456142,-0.026024343,0.005773438,-0.018502203,0.007995589
10/31/2015,0.07963525,0.073836748,0.085162548,0.074314199,0.070437472,0.000170417,-0.002223394,-0.00545762,0.004178273,0.027491257,0.005262666,0.025448833,-0.010302699
11/30/2015,0.000964851,0.000942192,0.000986824,-0.017632156,-0.039559351,-0.00264359,-0.003017076,-0.008201367,-0.002188319,-0.022225642,0.003003231,-0.070425001,0.018885306
12/31/2015,-0.019723572,-0.023664207,-0.016015648,-0.018788975,-0.02475746,-0.003230416,-0.001436296,-0.000166291,-0.007795608,-0.025185857,-0.002267422,-0.001789246,0.010759494
1/31/2016,-0.054866881,-0.052974777,-0.056624168,-0.06937734,-0.065190017,0.01375818,0.010930013,0.050240254,0.00354512,-0.016072789,0.015818103,0.048867925,0.017085607
2/29/2016,-0.002993133,-0.003700014,-0.00233287,-0.016463569,-0.002747956,0.007095687,0.002480408,0.029798016,0.008077275,0.005716386,0.011801415,0.110721353,-0.011609499
3/31/2016,0.06775113,0.069792227,0.065843879,0.063259037,0.130306755,0.009172118,0.002292116,-2.80E-06,0.027738136,0.04444662,0.007108187,0.001700543,-0.036928279
4/30/2016,0.004314031,0.019637447,-0.010032405,0.028233466,0.004051147,0.003841171,-9.09E-05,-0.005004851,0.013691247,0.039150021,-0.000248349,0.039329022,-0.012843019
5/31/2016,0.015029442,0.012419795,0.017547604,-0.01677478,-0.038967376,0.000256103,-0.00152977,0.007930018,-0.000771685,0.006174955,0.007261975,-0.057208416,0.036409584
6/30/2016,0.000540939,0.006626206,-0.005364076,-0.03247108,0.03300514,0.017967769,0.009882892,0.061385338,0.022510688,0.009202601,0.020050286,0.089637819,-0.008850357
7/31/2016,0.036896519,0.027417569,0.046428987,0.048545015,0.047200575,0.006322465,-0.000413077,0.022426931,0.014610489,0.027036309,0.005479372,0.016089343,-0.001275626
8/31/2016,-0.001142448,0.004713805,-0.006924869,-0.001745624,0.023137601,-0.001141871,-0.00319328,-0.009492833,0.001958955,0.020922456,-0.000385519,-0.024403875,0.005747651
9/30/2016,-0.000668299,-0.003983148,0.002638389,0.00947842,0.010943514,-0.000588761,0.001726126,-0.016096653,-0.002477676,0.006663692,0.000182539,0.010120298,0
10/31/2016,-0.020623813,-0.016967238,-0.024249212,-0.020199885,0.001804175,-0.007648578,-0.002167108,-0.040789266,-0.008135702,0.003859553,-0.011531496,-0.038185255,0.015148766
11/30/2016,0.036707104,0.053980579,0.01944838,-0.017733642,-0.046691489,-0.023651924,-0.009765625,-0.074189196,-0.026827673,-0.004744422,-0.010889636,-0.073820755,0.03315164
12/31/2016,0.017188003,0.022917266,0.011266919,0.031690248,-0.000649027,0.001408601,0.000137077,-0.005328433,0.006693371,0.018456131,0.003744482,-0.027332145,0.006227296
1/31/2017,0.019081744,0.005795971,0.032997041,0.029338885,0.0544609,0.001963195,0.001827444,0.003933424,0.003080557,0.014521598,-0.008573625,0.058382058,-0.019511776
2/28/2017,0.036348017,0.033051367,0.039705489,0.009336183,0.029849433,0.006721374,0.001504891,0.015582871,0.011469081,0.014552845,0.009882698,0.035290237,0.000262996
3/31/2017,-0.000976098,-0.012142851,0.010310864,0.020804991,0.023494986,-0.000526696,0.000561589,-0.005514625,-0.002324194,-0.002228209,-0.000625525,-0.008561644,-0.013496933
4/30/2017,0.00944534,-0.003304996,0.022050539,0.018635618,0.020440957,0.007718907,0.003284209,0.015431799,0.010684318,0.011547071,0.006007183,0.017351488,0.001332623
5/31/2017,0.010395194,-0.003839061,0.024118453,0.027765005,0.02798683,0.007694645,0.002366264,0.019777041,0.011499815,0.008692791,0.004266082,-0.000197402,-0.012864874
6/30/2017,0.005486516,0.014480886,-0.003772418,-0.000974711,0.005440999,-0.001003292,-0.001561215,0.003979319,0.003054907,0.001352133,-0.004396608,-0.018914863,-0.013751573
7/31/2017,0.018648829,0.011694829,0.025890345,0.029328499,0.054837752,0.004304139,0.002779834,-0.006180302,0.007313686,0.011075675,0.002282865,0.020366271,-0.02096054
8/31/2017,0.000762839,-0.014490743,0.016468658,-0.002905742,0.020136368,0.008965473,0.003570621,0.034346905,0.007765669,-0.000389742,0.009266424,0.034870419,-0.003816439
9/30/2017,0.019919466,0.027779733,0.012086216,0.023381211,-0.005497839,-0.004760254,-0.003445325,-0.021597772,-0.00173677,0.008977958,-0.004682104,-0.021841052,0.007288357
10/31/2017,0.021836256,0.005770499,0.038051241,0.012918388,0.034537588,0.000578868,-0.001046963,-0.000757211,0.004037432,0.004224909,0.00696075,-0.010092744,0.016419295
11/30/2017,0.028037691,0.027699511,0.028372123,0.008413889,0.001528041,-0.00128454,-0.00292552,0.007169378,-0.001454992,-0.002555065,0.003866686,0.007912451,-0.012138359
12/31/2017,0.009802913,0.012714427,0.006963421,0.016980569,0.033601299,0.004590038,-0.000113432,0.017167934,0.009121733,0.003024551,0.00047121,0.008436182,-0.003510717
1/31/2018,0.053890995,0.037271805,0.070207118,0.046177076,0.082990202,-0.011517956,-0.005906688,-0.032293457,-0.00955965,0.005994964,-0.003986374,0.04186677,-0.03105878
2/28/2018,-0.038696594,-0.050188849,-0.027761733,-0.049370145,-0.047346145,-0.009476963,-0.001338994,-0.030029467,-0.016234986,-0.008497905,0.003222572,-0.020222297,0.014448378
3/31/2018,-0.024222788,-0.01960882,-0.028490494,-0.021559793,-0.020339862,0.00641336,0.003275791,0.030273646,0.00253238,-0.006041162,0.010154304,0.00455287,-0.008205999
4/30/2018,0.002329222,0.001812116,0.002808976,0.019207689,-0.005508677,-0.007438705,-0.003629571,-0.019440582,-0.009274874,0.006507211,-0.00097496,-0.008044718,0.014931051
5/31/2018,0.023175432,0.003034452,0.042005681,-0.024280168,-0.037546267,0.00713472,0.004923105,0.021157025,0.005355649,-0.000277518,0.001434981,-0.005977764,0.023238381
6/30/2018,0.0050935,0.000691009,0.008655408,-0.012689612,-0.045676402,-0.001230305,-9.86E-05,0.001777672,-0.005808826,0.004014846,0.004320797,-0.042057686,0.014468864
7/31/2018,0.033379052,0.037844529,0.028825646,0.024058551,0.01677388,0.000238417,-0.000970793,-0.014714887,0.00831169,0.010910916,-0.000134486,-0.023591507,-0.004874526
8/31/2018,0.032259863,0.012106164,0.052980771,-0.021450654,-0.028966583,0.006435722,0.004334854,0.015766109,0.004939545,0.007379457,0.00052812,-0.015152136,0.008889695
9/30/2018,0.002385924,-8.02E-06,0.00475109,0.005108915,-0.007623395,-0.006438975,-0.002864831,-0.029620944,-0.00356515,0.005565695,-0.002049287,-0.012640858,-0.00188815
10/31/2018,-0.071776481,-0.053321468,-0.08992228,-0.080260799,-0.087784256,-0.007900997,0.001235644,-0.030463831,-0.01460449,-0.01598468,0.002860198,0.023331228,0.024772543
11/30/2018,0.017953444,0.027014896,0.008671654,-0.002732889,0.040589171,0.005966683,0.004913763,0.018924273,-0.001665073,-0.008602336,0.00435792,0.002140006,0.000175809
12/31/2018,-0.092620415,-0.098208175,-0.086860818,-0.052836707,-0.029093614,0.018371084,0.011271256,0.054713815,0.014705777,-0.021413123,0.011617077,0.050470207,-0.009843558
1/31/2019,0.082422258,0.075665444,0.089320868,0.070221173,0.087131645,0.010622496,0.003248326,0.006712049,0.023520512,0.045203628,0.010165609,0.034597342,-0.01810758
2/28/2019,0.031613982,0.029327258,0.033916579,0.023555177,0.000971493,-0.000580175,0.000297047,-0.012221523,0.002168838,0.016631006,0.002226408,-0.003098432,0.005423974
3/31/2019,0.015853402,0.004310914,0.027403515,-4.27E-05,0.006831914,0.019200441,0.008686033,0.052553145,0.025049624,0.009404296,0.0169618,-0.018004018,0.008181982
4/30/2019,0.039252848,0.033730779,0.044646056,0.024903019,0.01995029,0.000256309,0.001575047,-0.017902786,0.005429429,0.014219167,0.000423393,-0.010112706,-0.000535093
5/31/2019,-0.065843642,-0.066970536,-0.06475544,-0.053026438,-0.075275194,0.017751985,0.010295187,0.065433041,0.014331189,-0.011886994,0.011981668,0.010332995,0.013473722
6/30/2019,0.068617663,0.069697254,0.067571705,0.057711022,0.056973948,0.012556066,0.006640773,0.013352091,0.024456575,0.022793161,0.014860384,0.087568986,-0.017080472
7/31/2019,0.014350346,0.006519591,0.021978112,-0.01257368,-0.016921677,0.002201031,-0.001806398,0.001600323,0.005592506,0.005635614,0.012210348,0.013165366,0.011465425
8/31/2019,-0.020447871,-0.032228434,-0.009124296,-0.027304742,-0.050799896,0.025913282,0.012008947,0.104996421,0.031448493,0.00400288,0.02012932,0.070645512,0.018508679
9/30/2019,0.015798751,0.033498069,-0.000812846,0.024840351,0.016935377,-0.005324938,-0.002510622,-0.024943724,-0.006505573,0.003642489,-0.004146015,-0.028199424,-0.002086775
10/31/2019,0.020008138,0.01228723,0.027498546,0.031335481,0.040939061,0.003012157,0.003176652,-0.00859121,0.006070409,0.002759561,-0.005783234,0.017269239,-0.014899364
11/30/2019,0.035639368,0.028163176,0.042793142,0.010931676,-0.001852243,-0.000511741,-0.001193727,-0.005164478,0.00251718,0.003267667,-0.001881453,-0.033621232,0.009110207
12/31/2019,0.027267786,0.02512494,0.029294896,0.030890554,0.071736936,-0.000696144,0.001359756,-0.027910584,0.003198172,0.019990748,-0.003479631,0.037393418,-0.020247173
1/31/2020,-9.86E-05,-0.023240283,0.021696451,-0.01984396,-0.04693808,0.019244944,0.009069403,0.068451009,0.023451532,0.000265717,0.017147841,0.04584915,0.008767221
2/29/2020,-0.083418907,-0.099077746,-0.069319279,-0.090616996,-0.053485701,0.017999665,0.012146753,0.067006578,0.013379409,-0.014102182,0.007992175,0.016191137,0.014544165
3/31/2020,-0.133755297,-0.173207299,-0.099340675,-0.145754902,-0.156078447,-0.005886583,0.016465484,0.0605239,-0.07085513,-0.114593786,-0.019722383,-0.000559058,0.046153846
4/30/2020,0.130835896,0.110432326,0.147231147,0.067945128,0.089985623,0.01777739,0.001769266,0.020230596,0.052431674,0.045055066,0.01416172,0.058298891,0.000752005
5/31/2020,0.050526276,0.030887499,0.065777659,0.03973826,0.005849028,0.004653552,0.001504999,-0.018666487,0.015643923,0.044051492,0.000203221,0.015240053,-0.013609418
6/30/2020,0.020629278,-0.008811318,0.042656684,0.032303803,0.069597463,0.006302414,0.000727353,0.001295916,0.019603496,0.009790815,0.003194167,0.022791693,-0.003047232
7/31/2020,0.057364679,0.037661906,0.076405202,0.025466664,0.08423274,0.014935359,0.00166621,0.042257008,0.032508595,0.046879316,0.007181593,0.111305922,-0.02572593
8/31/2020,0.071676606,0.038910978,0.102177875,0.04955316,0.020928336,-0.008073332,-0.000588706,-0.043114186,-0.013788766,0.009507347,-0.007129696,-0.003842435,-0.014291939
9/30/2020,-0.037744187,-0.026380956,-0.047693549,-0.030759173,-0.017703132,-0.000546809,0.000239731,0.003846728,-0.002862684,-0.010287491,0.006767679,-0.035992541,0.009371408
10/31/2020,-0.025114567,-0.014772503,-0.034399708,-0.040067129,0.019833641,-0.004465244,-0.001328476,-0.030092965,-0.001800102,0.005076558,0.003072167,-0.002676347,-0.008496102
11/30/2020,0.115952206,0.131886376,0.101336562,0.152145439,0.092083084,0.009811796,0.000671978,0.012003963,0.027859119,0.03956023,0.00232407,-0.063395063,-0.026678445
12/31/2020,0.040990872,0.036423256,0.045302851,0.044483152,0.071522816,0.001377301,0.000733198,-0.011781695,0.004355148,0.01882476,0.004017219,0.070948342,-0.016336903
1/31/2021,-0.009197645,-0.010699308,-0.007815419,-0.01109445,0.029668696,-0.007169672,-0.000287587,-0.036079451,-0.012831855,0.003306174,-0.0043929,-0.012608604,0.008488651
2/28/2021,0.027580208,0.058434069,-0.001089758,0.024133663,0.007288071,-0.014438685,-0.003390388,-0.055672865,-0.017226272,0.003674684,-0.01656534,-0.064894302,0.005306496
3/31/2021,0.036517085,0.056856071,0.016506758,0.020935864,-0.017046727,-0.012488358,-0.002185477,-0.0498537,-0.017160574,0.001495073,0.001942522,-0.029721433,0.008281762
4/30/2021,0.052947274,0.038699099,0.067575159,0.028720001,0.02368527,0.007900145,0.00170813,0.023272645,0.011077567,0.010861268,-0.001056428,0.0452973,-0.015615128
5/31/2021,0.003332237,0.021366579,-0.014680037,0.031229551,0.021222757,0.003266641,0.001966501,0.004506045,0.007681865,0.002957798,0.001289286,0.074845133,-0.014487438
6/30/2021,0.023940507,-0.012970063,0.062056107,-0.011421903,-0.001140814,0.00702544,-0.002655742,0.03574676,0.01631335,0.013394239,0.003259668,-0.072001895,0.017212505
7/31/2021,0.01983986,0.006529006,0.032528537,0.006000948,-0.070447535,0.011182679,0.003970138,0.036475943,0.01368772,0.003809956,0.013533082,0.035504637,0.001829324
8/31/2021,0.027595497,0.017901033,0.036592061,0.013741687,0.02415871,-0.001903393,-0.000788146,-0.0021045,-0.003024963,0.00513605,-0.002404185,-0.005970149,0.003012873
9/30/2021,-0.046959594,-0.036360085,-0.056560227,-0.031491307,-0.042462959,-0.008659485,-0.002915012,-0.02862845,-0.010526612,-0.000106369,-0.010096576,-0.039700251,0.013744766
10/31/2021,0.068510825,0.049435487,0.086186938,0.028847202,0.009296944,-0.000276025,-0.00508351,0.018592083,0.002480444,-0.001714361,-0.00424918,0.015119348,-0.004399749
11/30/2021,-0.014726599,-0.037147503,0.005351339,-0.048123922,-0.041375766,0.002960653,8.99E-05,0.026541022,0.000615739,-0.009725928,0.010463768,0.019924823,0.016233766
12/31/2021,0.039332589,0.061221848,0.020558936,0.049937873,0.016157767,-0.002558043,-0.002392047,-0.014219502,-0.000799685,0.018744775,-0.005431992,0.000803591,-0.010205893
1/31/2022,-0.0571709,-0.024604857,-0.086155402,-0.044584988,-0.019301791,-0.021544367,-0.009480249,-0.041387076,-0.033661883,-0.02734183,-0.011119898,-0.005869812,0.004483099
2/28/2022,-0.02880135,-0.013483047,-0.043342445,-0.017310348,-0.030557096,-0.011156917,-0.004834467,-0.014616548,-0.020003172,-0.010266777,-0.01356935,0.06383512,-0.003034901
3/31/2022,0.032401474,0.026284572,0.038378986,0.006650342,-0.025202551,-0.027783507,-0.019713022,-0.053387211,-0.025215398,-0.011466312,-0.016364477,0.016912323,0.000447668
4/30/2022,-0.089890709,-0.057534342,-0.12115857,-0.068604307,-0.057453647,-0.037948343,-0.008519977,-0.088921896,-0.054680559,-0.035557851,-0.018802008,-0.015884458,0.037497763
5/31/2022,-0.003243647,0.017094533,-0.024325034,0.003291122,0.001375222,0.006446739,0.006632959,-0.018923001,0.009337041,0.002452315,-0.007342671,-0.037984618,-0.010092297
6/30/2022,-0.085105061,-0.089258257,-0.080007637,-0.095422432,-0.071450444,-0.01568728,-0.00661081,-0.014746118,-0.028000103,-0.067331087,-0.014451043,-0.011801817,0.022830254
7/31/2022,0.092075607,0.064825544,0.119390697,0.048985096,-0.006885387,0.024434025,0.007949597,0.026679144,0.032373552,0.059034633,0.02691631,-0.035002752,0.008178565
8/31/2022,-0.039984085,-0.031979647,-0.047612924,-0.049152448,0.000332065,-0.028252558,-0.013649575,-0.044266037,-0.029325824,-0.023045904,-0.025375252,-0.02138702,0.016646949
9/30/2022,-0.093805337,-0.089551437,-0.097929074,-0.096115151,-0.119021034,-0.043208937,-0.016828794,-0.078997043,-0.052553928,-0.039715553,-0.022897628,-0.025729938,0.031668191
10/31/2022,0.07912879,0.101047757,0.057763639,0.054433988,-0.031548659,-0.012953368,-0.002012876,-0.055487678,-0.010341745,0.025985228,0.005040034,-0.01959025,-0.002175314
11/30/2022,0.052043455,0.059791592,0.044174953,0.104716691,0.146352103,0.036775633,0.011189548,0.070719418,0.051783383,0.021704296,0.015648136,0.069859671,-0.034719419
12/31/2022,-0.059496955,-0.042263153,-0.07729487,-0.005864688,-0.016363431,-0.00450921,0.000241994,-0.017010481,-0.004387377,-0.00624159,-0.018557865,0.034359852,-0.010706817
1/31/2023,0.066009244,0.050387511,0.082753719,0.081282993,0.078546185,0.030765401,0.011055718,0.064100437,0.040068055,0.038073585,0.016947362,0.060730531,-0.021645388
2/28/2023,-0.025462925,-0.037446115,-0.013002908,-0.024720507,-0.065428987,-0.025855211,-0.012544595,-0.047435897,-0.03180948,-0.012854411,-0.008456171,-0.051613909,0.022729237
3/31/2023,0.029990186,-0.006852894,0.067340444,0.016709989,0.027250755,0.025399094,0.020348368,0.047400361,0.02784274,0.010687071,0.020073037,0.085004933,-0.015210411
4/30/2023,0.011451788,0.013706567,0.009324398,0.024830903,-0.013359858,0.006063307,0.004253359,0.005209404,0.007655876,0.009986617,0.004192632,0.001439612,0.00034323
5/31/2023,0.002846657,-0.040914129,0.044296461,-0.04850482,-0.018955018,-0.010889643,-0.005446467,-0.027947566,-0.014484748,-0.009161914,0.001483425,-0.009154876,0.013381369
6/30/2023,0.0661859,0.064375492,0.067650584,0.045957554,0.032289026,-0.003568213,-0.007803718,-0.000165866,0.004116912,0.01673221,0.001640659,-0.026547546,-0.00871847
7/31/2023,0.03343878,0.033599719,0.033293566,0.031586437,0.058040587,-0.000693249,0.002883142,-0.021678724,0.003447161,0.013795798,0.000751431,0.03053994,-0.012808471
8/31/2023,-0.019217215,-0.029426453,-0.010054858,-0.041303574,-0.06359668,-0.006387101,0.002628644,-0.027882077,-0.007768506,0.002770427,0.002787455,-0.014386116,0.017905026
9/30/2023,-0.048043297,-0.040366092,-0.054792737,-0.036466832,-0.028102782,-0.025414099,-0.003806236,-0.072944181,-0.026694469,-0.011828255,-0.011306759,-0.036966483,0.01546567
10/31/2023,-0.025082569,-0.036720159,-0.014686117,-0.042824933,-0.039442474,-0.015780476,0.000884507,-0.04934783,-0.018725683,-0.011645745,-0.000291372,0.067575515,0.010962343
11/30/2023,0.091310501,0.072390571,0.107769583,0.092005772,0.078562063,0.045284326,0.015342045,0.091561666,0.059782497,0.045304302,0.025990029,0.019304923,-0.024915156
12/31/2023,0.048144577,0.053253447,0.043833341,0.053727343,0.037118833,0.038279971,0.015588214,0.086086368,0.04335306,0.037280096,0.02722124,0.021100985,-0.017232598
1/31/2024,0.013080171,-0.000395846,0.024566173,0.003757516,-0.046828296,-0.002747456,0.003076815,-0.022016647,-0.001701309,-4.03E-05,-0.001515159,-0.012100654,0.015116179
2/29/2024,0.052373576,0.034509349,0.067226074,0.01556975,0.046259479,-0.014127622,-0.007577402,-0.022826276,-0.015029995,0.002919531,-0.001464973,-0.00253257,0.004680054
3/31/2024,0.03088717,0.047998082,0.017088643,0.028866885,0.021803436,0.00923504,0.004015214,0.012322378,0.012929238,0.011833106,0.008816585,0.081199189,-0.001355128
4/30/2024,-0.043295607,-0.043908917,-0.042785821,-0.03000883,0.00263612,-0.025260695,-0.008490301,-0.060920479,-0.025447371,-0.009401872,-0.009225003,0.041840721,0.015774743
5/31/2024,0.045559974,0.029398995,0.058982365,0.032892846,0.002877767,0.016953286,0.009115912,0.028565709,0.01872991,0.01098738,0.002236406,0.017880364,-0.007848376
6/30/2024,0.031875466,-0.011289686,0.066754218,-0.017967834,0.035549497,0.009471006,0.007101814,0.016507094,0.006360848,0.009443508,0.008164485,-0.007388481,0.017588151
7/31/2024,0.013728052,0.049565365,-0.017245091,0.030753376,-0.001362486,0.023357542,0.015100893,0.035742197,0.023835002,0.019441442,0.016250536,0.040928397,-0.003473371
8/31/2024,0.022304612,0.024690229,0.020101058,0.031152233,0.013966094,0.014366547,0.009963308,0.020366482,0.01572627,0.016309943,0.008005375,0.035877674,-0.006804979
9/30/2024,0.020218741,0.012147491,0.027702254,0.008108272,0.064486508,0.013391194,0.008851304,0.020224279,0.017729752,0.016180984,0.010189648,0.046392265,-0.008272059
10/31/2024,-0.007711133,-0.012259387,-0.003545318,-0.051692769,-0.043839945,-0.024798842,-0.011066527,-0.052055983,-0.02427133,-0.005406092,-0.004927808,0.039620525,0.025612941
11/30/2024,0.062985551,0.061742715,0.064115236,0.000718412,-0.036578176,0.010571391,0.003764218,0.018151334,0.013377078,0.011505342,0.013204929,-0.030393358,0.014704674
12/31/2024,-0.029036495,-0.070182558,0.008250771,-0.02758411,-0.002864904,-0.01636523,-0.000971494,-0.053202719,-0.019353569,-0.004264036,-0.00078467,-0.015823919,0.021939767
1/31/2025,0.031024957,0.044812509,0.019518193,0.049163811,0.016634433,0.005303719,0.004984597,0.004163455,0.005526676,0.013663096,0.002556058,0.077785443,-0.002297394
2/28/2025,-0.018644468,0.002236459,-0.036524994,0.016233981,0.003548661,0.02200269,0.010021247,0.051765542,0.02038589,0.006713729,0.003883445,0.00800128,-0.003414324
3/31/2025,-0.059110475,-0.029688165,-0.084889585,-0.010471908,0.003782183,0.000377936,0.005299229,-0.008897683,-0.002882869,-0.010222566,-0.008094126,0.098975146,-0.013624412
4/30/2025,-0.006767496,-0.031830028,0.01740595,0.041742302,0.01038678,0.003929046,0.010136081,-0.010882631,-0.000326858,-0.000202947,0.0149463,0.060014125,-0.032633279
5/31/2025,0.062435195,0.032941696,0.087779236,0.041539568,0.039987779,-0.007158827,-0.003813193,-0.028711991,-0.000112951,0.016796333,-0.000669501,-0.007419633,-0.006179025
6/30/2025,0.049379958,0.032300672,0.063033529,0.022234699,0.056543453,0.015375148,0.007523129,0.024992952,0.018686643,0.018391814,0.004997972,0.003020549,-0.0198286
7/31/2025,0.021474774,0.004497625,0.037490043,-0.012703278,0.016724186,-0.002639368,-0.001616964,-0.009005529,0.000653679,0.004508679,0.000214637,0.003467733,0.019115378
8/31/2025,0.019851914,0.030014512,0.010575913,0.042073411,0.012234261,0.011963629,0.010691878,0.003230786,0.010131234,0.012496674,0.000209454,0.039498613,-0.012532593
